{
    "name": "Unlimited Andrenaline V2",
    "slug": "unlimited-andrenaline-v2",
    "author": "<a href='https://www.unlimited-adrenaline.gr/en'>Unlimited Andrenaline/a>",
    "author_profile": "",
    "version": "2.6",
    "download_url": "https://github.com/webvortexTeam/UA.gr-Plugin-Intergation/raw/main/unlimitedv2.zip",
    "requires": "6.0",
    "tested": "5.8",
    "requires_php": "7.4",
    "last_updated": "2024-11-10 03:10:00",
    "sections": {
        "description": "test",
        "installation": "text",
        "changelog": "<h4>1.0 –  29 Ιουνίου 2024</h4><ul><li>Bug fixes.</li><li>Initital release.</li></ul>"
    },
    "banners": {
        "low": "https://www.hosthub.com/wp-content/uploads/2023/08/Explore-1024x427.png",
        "high": "https://www.hosthub.com/wp-content/uploads/2023/08/Explore-1024x427.png"
    }
}