[
    {
        "key": "group_webvortex_unlimited_andrenaline",
        "title": "Unlimited-Andrenaline",
        "fields": [
            {
                "key": "field_webvortex_activity_id",
                "label": "Activity ID",
                "name": "activity_id",
                "aria-label": "",
                "type": "number",
                "instructions": "Enter the ID of the activity",
                "required": 0,
                "conditional_logic": 0,
                "wrapper": {
                    "width": "",
                    "class": "",
                    "id": ""
                },
                "default_value": "",
                "placeholder": "",
                "prepend": "",
                "append": "",
                "min": "",
                "max": "",
                "step": ""
            },
            {
                "key": "field_webvortex_title",
                "label": "Title",
                "name": "title",
                "aria-label": "",
                "type": "text",
                "instructions": "Enter the title of the activity",
                "required": 0,
                "conditional_logic": 0,
                "wrapper": {
                    "width": "",
                    "class": "",
                    "id": ""
                },
                "default_value": "",
                "placeholder": "",
                "prepend": "",
                "append": "",
                "maxlength": ""
            },
            {
                "key": "field_webvortex_provider_id",
                "label": "Provider ID",
                "name": "provider_id",
                "aria-label": "",
                "type": "number",
                "instructions": "Enter the provider ID",
                "required": 0,
                "conditional_logic": 0,
                "wrapper": {
                    "width": "",
                    "class": "",
                    "id": ""
                },
                "default_value": "",
                "placeholder": "",
                "prepend": "",
                "append": "",
                "min": "",
                "max": "",
                "step": ""
            },
            {
                "key": "field_webvortex_rating",
                "label": "Rating",
                "name": "rating",
                "aria-label": "",
                "type": "number",
                "instructions": "Enter the rating of the activity",
                "required": 0,
                "conditional_logic": 0,
                "wrapper": {
                    "width": "",
                    "class": "",
                    "id": ""
                },
                "default_value": "",
                "placeholder": "",
                "prepend": "",
                "append": "",
                "min": "",
                "max": "",
                "step": ""
            },
            {
                "key": "field_webvortex_active_months",
                "label": "Active Months",
                "name": "active_months",
                "aria-label": "",
                "type": "text",
                "instructions": "Enter the active months of the activity",
                "required": 0,
                "conditional_logic": 0,
                "wrapper": {
                    "width": "",
                    "class": "",
                    "id": ""
                },
                "default_value": "",
                "placeholder": "",
                "prepend": "",
                "append": "",
                "maxlength": ""
            },
            {
                "key": "field_webvortex_category_ids",
                "label": "Category IDs",
                "name": "category_ids",
                "aria-label": "",
                "type": "text",
                "instructions": "Enter the category IDs of the activity",
                "required": 0,
                "conditional_logic": 0,
                "wrapper": {
                    "width": "",
                    "class": "",
                    "id": ""
                },
                "default_value": "",
                "placeholder": "",
                "prepend": "",
                "append": "",
                "maxlength": ""
            },
            {
                "key": "field_webvortex_description",
                "label": "Description",
                "name": "description",
                "aria-label": "",
                "type": "textarea",
                "instructions": "Enter the description of the activity",
                "required": 0,
                "conditional_logic": 0,
                "wrapper": {
                    "width": "",
                    "class": "",
                    "id": ""
                },
                "default_value": "",
                "placeholder": "",
                "maxlength": "",
                "rows": "",
                "new_lines": ""
            },
            {
                "key": "field_webvortex_photos",
                "label": "Photos",
                "name": "photos",
                "aria-label": "",
                "type": "repeater",
                "instructions": "Upload photos for the activity",
                "required": 0,
                "conditional_logic": 0,
                "wrapper": {
                    "width": "",
                    "class": "",
                    "id": ""
                },
                "collapsed": "",
                "min": 0,
                "max": 0,
                "layout": "table",
                "button_label": "Add Photo",
                "rows_per_page": 20,
                "sub_fields": [
                    {
                        "key": "field_webvortex_photo_id",
                        "label": "Photo ID",
                        "name": "photo_id",
                        "aria-label": "",
                        "type": "number",
                        "instructions": "Enter the ID of the photo",
                        "required": 0,
                        "conditional_logic": 0,
                        "wrapper": {
                            "width": "",
                            "class": "",
                            "id": ""
                        },
                        "default_value": "",
                        "placeholder": "",
                        "prepend": "",
                        "append": "",
                        "min": "",
                        "max": "",
                        "step": "",
                        "parent_repeater": "field_webvortex_photos"
                    },
                    {
                        "key": "field_webvortex_photo_full",
                        "label": "Full URL",
                        "name": "full_url",
                        "aria-label": "",
                        "type": "url",
                        "instructions": "Enter the full URL of the photo",
                        "required": 0,
                        "conditional_logic": 0,
                        "wrapper": {
                            "width": "",
                            "class": "",
                            "id": ""
                        },
                        "default_value": "",
                        "placeholder": "",
                        "prepend": "",
                        "append": "",
                        "parent_repeater": "field_webvortex_photos"
                    },
                    {
                        "key": "field_webvortex_photo_thumb",
                        "label": "Thumb URL",
                        "name": "thumb_url",
                        "aria-label": "",
                        "type": "url",
                        "instructions": "Enter the thumb URL of the photo",
                        "required": 0,
                        "conditional_logic": 0,
                        "wrapper": {
                            "width": "",
                            "class": "",
                            "id": ""
                        },
                        "default_value": "",
                        "placeholder": "",
                        "prepend": "",
                        "append": "",
                        "parent_repeater": "field_webvortex_photos"
                    },
                    {
                        "key": "field_webvortex_photo_title",
                        "label": "Title",
                        "name": "photo_title",
                        "aria-label": "",
                        "type": "text",
                        "instructions": "Enter the title of the photo",
                        "required": 0,
                        "conditional_logic": 0,
                        "wrapper": {
                            "width": "",
                            "class": "",
                            "id": ""
                        },
                        "default_value": "",
                        "placeholder": "",
                        "prepend": "",
                        "append": "",
                        "maxlength": "",
                        "parent_repeater": "field_webvortex_photos"
                    }
                ]
            },
            {
                "key": "field_webvortex_itineraries",
                "label": "Itineraries",
                "name": "itineraries",
                "aria-label": "",
                "type": "repeater",
                "instructions": "Add itineraries for the activity",
                "required": 0,
                "conditional_logic": 0,
                "wrapper": {
                    "width": "",
                    "class": "",
                    "id": ""
                },
                "collapsed": "",
                "min": 0,
                "max": 0,
                "layout": "table",
                "button_label": "Add Itinerary",
                "rows_per_page": 20,
                "sub_fields": [
                    {
                        "key": "field_webvortex_itinerary_id",
                        "label": "Itinerary ID",
                        "name": "itinerary_id",
                        "aria-label": "",
                        "type": "number",
                        "instructions": "Enter the ID of the itinerary",
                        "required": 0,
                        "conditional_logic": 0,
                        "wrapper": {
                            "width": "",
                            "class": "",
                            "id": ""
                        },
                        "default_value": "",
                        "placeholder": "",
                        "prepend": "",
                        "append": "",
                        "min": "",
                        "max": "",
                        "step": "",
                        "parent_repeater": "field_webvortex_itineraries"
                    },
                    {
                        "key": "field_webvortex_itinerary_title",
                        "label": "Title",
                        "name": "title",
                        "aria-label": "",
                        "type": "text",
                        "instructions": "Enter the title of the itinerary",
                        "required": 0,
                        "conditional_logic": 0,
                        "wrapper": {
                            "width": "",
                            "class": "",
                            "id": ""
                        },
                        "default_value": "",
                        "placeholder": "",
                        "prepend": "",
                        "append": "",
                        "maxlength": "",
                        "parent_repeater": "field_webvortex_itineraries"
                    },
                    {
                        "key": "field_webvortex_itinerary_location_text",
                        "label": "Location text",
                        "name": "Location",
                        "aria-label": "",
                        "type": "text",
                        "instructions": "Enter the location of the itinerary",
                        "required": 0,
                        "conditional_logic": 0,
                        "wrapper": {
                            "width": "",
                            "class": "",
                            "id": ""
                        },
                        "default_value": "",
                        "placeholder": "",
                        "prepend": "",
                        "append": "",
                        "maxlength": "",
                        "parent_repeater": "field_webvortex_itineraries"
                    },
                    {
                        "key": "field_webvortex_itinerary_description",
                        "label": "Description",
                        "name": "description",
                        "aria-label": "",
                        "type": "textarea",
                        "instructions": "Enter the description of the itinerary",
                        "required": 0,
                        "conditional_logic": 0,
                        "wrapper": {
                            "width": "",
                            "class": "",
                            "id": ""
                        },
                        "default_value": "",
                        "placeholder": "",
                        "maxlength": "",
                        "rows": "",
                        "new_lines": "",
                        "parent_repeater": "field_webvortex_itineraries"
                    },
                    {
                        "key": "field_webvortex_itinerary_level",
                        "label": "Level",
                        "name": "level",
                        "aria-label": "",
                        "type": "number",
                        "instructions": "Enter the difficulty level of the itinerary",
                        "required": 0,
                        "conditional_logic": 0,
                        "wrapper": {
                            "width": "",
                            "class": "",
                            "id": ""
                        },
                        "default_value": "",
                        "placeholder": "",
                        "prepend": "",
                        "append": "",
                        "min": "",
                        "max": "",
                        "step": "",
                        "parent_repeater": "field_webvortex_itineraries"
                    },
                    {
                        "key": "field_webvortex_itinerary_details",
                        "label": "Details",
                        "name": "details",
                        "aria-label": "",
                        "type": "group",
                        "instructions": "Enter the details of the itinerary",
                        "required": 0,
                        "conditional_logic": 0,
                        "wrapper": {
                            "width": "",
                            "class": "",
                            "id": ""
                        },
                        "layout": "block",
                        "sub_fields": [
                            {
                                "key": "field_webvortex_itinerary_included",
                                "label": "Included",
                                "name": "included",
                                "aria-label": "",
                                "type": "repeater",
                                "instructions": "Add items that are included",
                                "required": 0,
                                "conditional_logic": 0,
                                "wrapper": {
                                    "width": "",
                                    "class": "",
                                    "id": ""
                                },
                                "collapsed": "",
                                "min": 0,
                                "max": 0,
                                "layout": "table",
                                "button_label": "Add Included Item",
                                "rows_per_page": 20,
                                "sub_fields": [
                                    {
                                        "key": "field_webvortex_included_id",
                                        "label": "ID",
                                        "name": "id",
                                        "aria-label": "",
                                        "type": "number",
                                        "instructions": "Enter the ID of the included item",
                                        "required": 0,
                                        "conditional_logic": 0,
                                        "wrapper": {
                                            "width": "",
                                            "class": "",
                                            "id": ""
                                        },
                                        "default_value": "",
                                        "placeholder": "",
                                        "prepend": "",
                                        "append": "",
                                        "min": "",
                                        "max": "",
                                        "step": "",
                                        "parent_repeater": "field_webvortex_itinerary_included"
                                    },
                                    {
                                        "key": "field_webvortex_included_title",
                                        "label": "Title",
                                        "name": "title",
                                        "aria-label": "",
                                        "type": "text",
                                        "instructions": "Enter the title of the included item",
                                        "required": 0,
                                        "conditional_logic": 0,
                                        "wrapper": {
                                            "width": "",
                                            "class": "",
                                            "id": ""
                                        },
                                        "default_value": "",
                                        "placeholder": "",
                                        "prepend": "",
                                        "append": "",
                                        "maxlength": "",
                                        "parent_repeater": "field_webvortex_itinerary_included"
                                    }
                                ]
                            },
                            {
                                "key": "field_webvortex_itinerary_do_not_forget",
                                "label": "Do Not Forget",
                                "name": "do_not_forget",
                                "aria-label": "",
                                "type": "repeater",
                                "instructions": "Add items that participants should not forget",
                                "required": 0,
                                "conditional_logic": 0,
                                "wrapper": {
                                    "width": "",
                                    "class": "",
                                    "id": ""
                                },
                                "collapsed": "",
                                "min": 0,
                                "max": 0,
                                "layout": "table",
                                "button_label": "Add Item",
                                "rows_per_page": 20,
                                "sub_fields": [
                                    {
                                        "key": "field_webvortex_do_not_forget_id",
                                        "label": "ID",
                                        "name": "id",
                                        "aria-label": "",
                                        "type": "number",
                                        "instructions": "Enter the ID of the item",
                                        "required": 0,
                                        "conditional_logic": 0,
                                        "wrapper": {
                                            "width": "",
                                            "class": "",
                                            "id": ""
                                        },
                                        "default_value": "",
                                        "placeholder": "",
                                        "prepend": "",
                                        "append": "",
                                        "min": "",
                                        "max": "",
                                        "step": "",
                                        "parent_repeater": "field_webvortex_itinerary_do_not_forget"
                                    },
                                    {
                                        "key": "field_webvortex_do_not_forget_title",
                                        "label": "Title",
                                        "name": "title",
                                        "aria-label": "",
                                        "type": "text",
                                        "instructions": "Enter the title of the item",
                                        "required": 0,
                                        "conditional_logic": 0,
                                        "wrapper": {
                                            "width": "",
                                            "class": "",
                                            "id": ""
                                        },
                                        "default_value": "",
                                        "placeholder": "",
                                        "prepend": "",
                                        "append": "",
                                        "maxlength": "",
                                        "parent_repeater": "field_webvortex_itinerary_do_not_forget"
                                    }
                                ]
                            }
                        ],
                        "parent_repeater": "field_webvortex_itineraries"
                    },
                    {
                        "key": "field_webvortex_itinerary_ratings",
                        "label": "Ratings",
                        "name": "ratings",
                        "aria-label": "",
                        "type": "repeater",
                        "instructions": "Add ratings for the itinerary",
                        "required": 0,
                        "conditional_logic": 0,
                        "wrapper": {
                            "width": "",
                            "class": "",
                            "id": ""
                        },
                        "collapsed": "",
                        "min": 0,
                        "max": 0,
                        "layout": "table",
                        "button_label": "Add Rating",
                        "rows_per_page": 20,
                        "sub_fields": [
                            {
                                "key": "field_webvortex_rating_score",
                                "label": "Score",
                                "name": "score",
                                "aria-label": "",
                                "type": "number",
                                "instructions": "Enter the score of the rating",
                                "required": 0,
                                "conditional_logic": 0,
                                "wrapper": {
                                    "width": "",
                                    "class": "",
                                    "id": ""
                                },
                                "default_value": "",
                                "placeholder": "",
                                "prepend": "",
                                "append": "",
                                "min": "",
                                "max": "",
                                "step": "",
                                "parent_repeater": "field_webvortex_itinerary_ratings"
                            },
                            {
                                "key": "field_webvortex_rating_text",
                                "label": "Text",
                                "name": "text",
                                "aria-label": "",
                                "type": "textarea",
                                "instructions": "Enter the review text",
                                "required": 0,
                                "conditional_logic": 0,
                                "wrapper": {
                                    "width": "",
                                    "class": "",
                                    "id": ""
                                },
                                "default_value": "",
                                "placeholder": "",
                                "maxlength": "",
                                "rows": "",
                                "new_lines": "",
                                "parent_repeater": "field_webvortex_itinerary_ratings"
                            },
                            {
                                "key": "field_webvortex_rating_fullname",
                                "label": "Full Name",
                                "name": "fullname",
                                "aria-label": "",
                                "type": "text",
                                "instructions": "Enter the full name of the reviewer",
                                "required": 0,
                                "conditional_logic": 0,
                                "wrapper": {
                                    "width": "",
                                    "class": "",
                                    "id": ""
                                },
                                "default_value": "",
                                "placeholder": "",
                                "prepend": "",
                                "append": "",
                                "maxlength": "",
                                "parent_repeater": "field_webvortex_itinerary_ratings"
                            }
                        ],
                        "parent_repeater": "field_webvortex_itineraries"
                    },
                    {
                        "key": "field_webvortex_itinerary_min_age",
                        "label": "Minimum Age",
                        "name": "min_age",
                        "aria-label": "",
                        "type": "number",
                        "instructions": "Enter the minimum age for participation",
                        "required": 0,
                        "conditional_logic": 0,
                        "wrapper": {
                            "width": "",
                            "class": "",
                            "id": ""
                        },
                        "default_value": "",
                        "placeholder": "",
                        "prepend": "",
                        "append": "",
                        "min": "",
                        "max": "",
                        "step": "",
                        "parent_repeater": "field_webvortex_itineraries"
                    },
                    {
                        "key": "field_webvortex_itinerary_spoken_languages",
                        "label": "Spoken Languages",
                        "name": "spoken_languages",
                        "aria-label": "",
                        "type": "repeater",
                        "instructions": "Add spoken languages for the itinerary",
                        "required": 0,
                        "conditional_logic": 0,
                        "wrapper": {
                            "width": "",
                            "class": "",
                            "id": ""
                        },
                        "collapsed": "",
                        "min": 0,
                        "max": 0,
                        "layout": "table",
                        "button_label": "Add Language",
                        "rows_per_page": 20,
                        "sub_fields": [
                            {
                                "key": "field_webvortex_language_id",
                                "label": "ID",
                                "name": "id",
                                "aria-label": "",
                                "type": "number",
                                "instructions": "Enter the ID of the language",
                                "required": 0,
                                "conditional_logic": 0,
                                "wrapper": {
                                    "width": "",
                                    "class": "",
                                    "id": ""
                                },
                                "default_value": "",
                                "placeholder": "",
                                "prepend": "",
                                "append": "",
                                "min": "",
                                "max": "",
                                "step": "",
                                "parent_repeater": "field_webvortex_itinerary_spoken_languages"
                            },
                            {
                                "key": "field_webvortex_language_acrn",
                                "label": "Acronym",
                                "name": "acrn",
                                "aria-label": "",
                                "type": "text",
                                "instructions": "Enter the acronym of the language",
                                "required": 0,
                                "conditional_logic": 0,
                                "wrapper": {
                                    "width": "",
                                    "class": "",
                                    "id": ""
                                },
                                "default_value": "",
                                "placeholder": "",
                                "prepend": "",
                                "append": "",
                                "maxlength": "",
                                "parent_repeater": "field_webvortex_itinerary_spoken_languages"
                            },
                            {
                                "key": "field_webvortex_language_title",
                                "label": "Title",
                                "name": "title",
                                "aria-label": "",
                                "type": "text",
                                "instructions": "Enter the title of the language",
                                "required": 0,
                                "conditional_logic": 0,
                                "wrapper": {
                                    "width": "",
                                    "class": "",
                                    "id": ""
                                },
                                "default_value": "",
                                "placeholder": "",
                                "prepend": "",
                                "append": "",
                                "maxlength": "",
                                "parent_repeater": "field_webvortex_itinerary_spoken_languages"
                            }
                        ],
                        "parent_repeater": "field_webvortex_itineraries"
                    },
                    {
                        "key": "field_webvortex_itinerary_booking_type",
                        "label": "Booking Type",
                        "name": "booking_type",
                        "aria-label": "",
                        "type": "text",
                        "instructions": "Enter the booking type",
                        "required": 0,
                        "conditional_logic": 0,
                        "wrapper": {
                            "width": "",
                            "class": "",
                            "id": ""
                        },
                        "default_value": "",
                        "placeholder": "",
                        "prepend": "",
                        "append": "",
                        "maxlength": "",
                        "parent_repeater": "field_webvortex_itineraries"
                    },
                    {
                        "key": "field_webvortex_itinerary_transport",
                        "label": "Transport",
                        "name": "transport",
                        "aria-label": "",
                        "type": "true_false",
                        "instructions": "Is transport included?",
                        "required": 0,
                        "conditional_logic": 0,
                        "wrapper": {
                            "width": "",
                            "class": "",
                            "id": ""
                        },
                        "message": "",
                        "default_value": 0,
                        "ui": 0,
                        "ui_on_text": "",
                        "ui_off_text": "",
                        "parent_repeater": "field_webvortex_itineraries"
                    },
                    {
                        "key": "field_webvortex_itinerary_allow_multiple_facilities",
                        "label": "Allow Selection of Multiple Facilities",
                        "name": "allow_selection_of_multiple_facilities",
                        "aria-label": "",
                        "type": "true_false",
                        "instructions": "Does it allow selection of multiple facilities?",
                        "required": 0,
                        "conditional_logic": 0,
                        "wrapper": {
                            "width": "",
                            "class": "",
                            "id": ""
                        },
                        "message": "",
                        "default_value": 0,
                        "ui": 0,
                        "ui_on_text": "",
                        "ui_off_text": "",
                        "parent_repeater": "field_webvortex_itineraries"
                    },
                    {
                        "key": "field_webvortex_itinerary_accommodation",
                        "label": "Accommodation",
                        "name": "accommodation",
                        "aria-label": "",
                        "type": "true_false",
                        "instructions": "Is accommodation provided?",
                        "required": 0,
                        "conditional_logic": 0,
                        "wrapper": {
                            "width": "",
                            "class": "",
                            "id": ""
                        },
                        "message": "",
                        "default_value": 0,
                        "ui": 0,
                        "ui_on_text": "",
                        "ui_off_text": "",
                        "parent_repeater": "field_webvortex_itineraries"
                    },
                    {
                        "key": "field_webvortex_itinerary_min_persons",
                        "label": "Minimum Persons",
                        "name": "min_persons",
                        "aria-label": "",
                        "type": "number",
                        "instructions": "Enter the minimum number of participants",
                        "required": 0,
                        "conditional_logic": 0,
                        "wrapper": {
                            "width": "",
                            "class": "",
                            "id": ""
                        },
                        "default_value": "",
                        "placeholder": "",
                        "prepend": "",
                        "append": "",
                        "min": "",
                        "max": "",
                        "step": "",
                        "parent_repeater": "field_webvortex_itineraries"
                    },
                    {
                        "key": "field_webvortex_itinerary_min_price",
                        "label": "Minimum Price",
                        "name": "min_price",
                        "aria-label": "",
                        "type": "number",
                        "instructions": "Enter the minimum price",
                        "required": 0,
                        "conditional_logic": 0,
                        "wrapper": {
                            "width": "",
                            "class": "",
                            "id": ""
                        },
                        "default_value": "",
                        "placeholder": "",
                        "prepend": "",
                        "append": "",
                        "min": "",
                        "max": "",
                        "step": "",
                        "parent_repeater": "field_webvortex_itineraries"
                    },
                    {
                        "key": "field_webvortex_itinerary_cancellation_policy",
                        "label": "Cancellation Policy",
                        "name": "cancellation_policy",
                        "aria-label": "",
                        "type": "group",
                        "instructions": "Enter the cancellation policy",
                        "required": 0,
                        "conditional_logic": 0,
                        "wrapper": {
                            "width": "",
                            "class": "",
                            "id": ""
                        },
                        "layout": "block",
                        "sub_fields": [
                            {
                                "key": "field_webvortex_policy_id",
                                "label": "ID",
                                "name": "id",
                                "aria-label": "",
                                "type": "number",
                                "instructions": "Enter the ID of the policy",
                                "required": 0,
                                "conditional_logic": 0,
                                "wrapper": {
                                    "width": "",
                                    "class": "",
                                    "id": ""
                                },
                                "default_value": "",
                                "placeholder": "",
                                "prepend": "",
                                "append": "",
                                "min": "",
                                "max": "",
                                "step": ""
                            },
                            {
                                "key": "field_webvortex_policy_charge",
                                "label": "Charge",
                                "name": "charge",
                                "aria-label": "",
                                "type": "number",
                                "instructions": "Enter the charge of the policy",
                                "required": 0,
                                "conditional_logic": 0,
                                "wrapper": {
                                    "width": "",
                                    "class": "",
                                    "id": ""
                                },
                                "default_value": "",
                                "placeholder": "",
                                "prepend": "",
                                "append": "",
                                "min": "",
                                "max": "",
                                "step": ""
                            },
                            {
                                "key": "field_webvortex_policy_days_before_1",
                                "label": "Days Before (Full Refund)",
                                "name": "days_before_1",
                                "aria-label": "",
                                "type": "number",
                                "instructions": "Enter the days before for a full refund",
                                "required": 0,
                                "conditional_logic": 0,
                                "wrapper": {
                                    "width": "",
                                    "class": "",
                                    "id": ""
                                },
                                "default_value": "",
                                "placeholder": "",
                                "prepend": "",
                                "append": "",
                                "min": "",
                                "max": "",
                                "step": ""
                            },
                            {
                                "key": "field_webvortex_policy_days_before_2",
                                "label": "Days Before (Partial Refund)",
                                "name": "days_before_2",
                                "aria-label": "",
                                "type": "number",
                                "instructions": "Enter the days before for a partial refund",
                                "required": 0,
                                "conditional_logic": 0,
                                "wrapper": {
                                    "width": "",
                                    "class": "",
                                    "id": ""
                                },
                                "default_value": "",
                                "placeholder": "",
                                "prepend": "",
                                "append": "",
                                "min": "",
                                "max": "",
                                "step": ""
                            },
                            {
                                "key": "field_webvortex_policy_title",
                                "label": "Title",
                                "name": "title",
                                "aria-label": "",
                                "type": "text",
                                "instructions": "Enter the title of the policy",
                                "required": 0,
                                "conditional_logic": 0,
                                "wrapper": {
                                    "width": "",
                                    "class": "",
                                    "id": ""
                                },
                                "default_value": "",
                                "placeholder": "",
                                "prepend": "",
                                "append": "",
                                "maxlength": ""
                            },
                            {
                                "key": "field_webvortex_policy_description",
                                "label": "Description",
                                "name": "description",
                                "aria-label": "",
                                "type": "textarea",
                                "instructions": "Enter the description of the policy",
                                "required": 0,
                                "conditional_logic": 0,
                                "wrapper": {
                                    "width": "",
                                    "class": "",
                                    "id": ""
                                },
                                "default_value": "",
                                "placeholder": "",
                                "maxlength": "",
                                "rows": "",
                                "new_lines": ""
                            }
                        ],
                        "parent_repeater": "field_webvortex_itineraries"
                    },
                    {
                        "key": "field_webvortex_itinerary_activity_id",
                        "label": "Activity ID",
                        "name": "activity_id",
                        "aria-label": "",
                        "type": "number",
                        "instructions": "Enter the activity ID",
                        "required": 0,
                        "conditional_logic": 0,
                        "wrapper": {
                            "width": "",
                            "class": "",
                            "id": ""
                        },
                        "default_value": "",
                        "placeholder": "",
                        "prepend": "",
                        "append": "",
                        "min": "",
                        "max": "",
                        "step": "",
                        "parent_repeater": "field_webvortex_itineraries"
                    },
                    {
                        "key": "field_webvortex_itinerary_is_event",
                        "label": "Is Event",
                        "name": "is_event",
                        "aria-label": "",
                        "type": "true_false",
                        "instructions": "Is this an event?",
                        "required": 0,
                        "conditional_logic": 0,
                        "wrapper": {
                            "width": "",
                            "class": "",
                            "id": ""
                        },
                        "message": "",
                        "default_value": 0,
                        "ui": 0,
                        "ui_on_text": "",
                        "ui_off_text": "",
                        "parent_repeater": "field_webvortex_itineraries"
                    },
                    {
                        "key": "field_webvortex_itinerary_difficulty",
                        "label": "Difficulty",
                        "name": "difficulty",
                        "aria-label": "",
                        "type": "text",
                        "instructions": "Enter the difficulty level",
                        "required": 0,
                        "conditional_logic": 0,
                        "wrapper": {
                            "width": "",
                            "class": "",
                            "id": ""
                        },
                        "default_value": "",
                        "placeholder": "",
                        "prepend": "",
                        "append": "",
                        "maxlength": "",
                        "parent_repeater": "field_webvortex_itineraries"
                    },
                    {
                        "key": "field_webvortex_itinerary_latitude",
                        "label": "Latitude",
                        "name": "latitude",
                        "aria-label": "",
                        "type": "text",
                        "instructions": "Enter the latitude",
                        "required": 0,
                        "conditional_logic": 0,
                        "wrapper": {
                            "width": "",
                            "class": "",
                            "id": ""
                        },
                        "default_value": "",
                        "placeholder": "",
                        "prepend": "",
                        "append": "",
                        "maxlength": "",
                        "parent_repeater": "field_webvortex_itineraries"
                    },
                    {
                        "key": "field_webvortex_itinerary_longitude",
                        "label": "Longitude",
                        "name": "longitude",
                        "aria-label": "",
                        "type": "text",
                        "instructions": "Enter the longitude",
                        "required": 0,
                        "conditional_logic": 0,
                        "wrapper": {
                            "width": "",
                            "class": "",
                            "id": ""
                        },
                        "default_value": "",
                        "placeholder": "",
                        "prepend": "",
                        "append": "",
                        "maxlength": "",
                        "parent_repeater": "field_webvortex_itineraries"
                    },
                    {
                        "key": "field_webvortex_itinerary_duration",
                        "label": "Duration",
                        "name": "duration",
                        "aria-label": "",
                        "type": "text",
                        "instructions": "Enter the duration of the itinerary",
                        "required": 0,
                        "conditional_logic": 0,
                        "wrapper": {
                            "width": "",
                            "class": "",
                            "id": ""
                        },
                        "default_value": "",
                        "placeholder": "",
                        "prepend": "",
                        "append": "",
                        "maxlength": "",
                        "parent_repeater": "field_webvortex_itineraries"
                    }
                ]
            },
            {
                "key": "field_webvortex_duration",
                "label": "Duration",
                "name": "duration",
                "aria-label": "",
                "type": "text",
                "instructions": "Enter the duration of the activity",
                "required": 0,
                "conditional_logic": 0,
                "wrapper": {
                    "width": "",
                    "class": "",
                    "id": ""
                },
                "default_value": "",
                "placeholder": "",
                "prepend": "",
                "append": "",
                "maxlength": ""
            },
            {
                "key": "field_6683f90a18d55",
                "label": "cheapest_price",
                "name": "cheapest_price",
                "aria-label": "",
                "type": "text",
                "instructions": "",
                "required": 0,
                "conditional_logic": 0,
                "wrapper": {
                    "width": "",
                    "class": "",
                    "id": ""
                },
                "default_value": "",
                "maxlength": "",
                "placeholder": "",
                "prepend": "",
                "append": ""
            }
        ],
        "location": [
            [
                {
                    "param": "post_type",
                    "operator": "==",
                    "value": "activity"
                }
            ]
        ],
        "menu_order": 0,
        "position": "normal",
        "style": "default",
        "label_placement": "top",
        "instruction_placement": "label",
        "hide_on_screen": "",
        "active": true,
        "description": "",
        "show_in_rest": 0
    }
]
