{"content":[{"id":"7ab68ebf","settings":{"flex_justify_content":"center","html_tag":"section"},"elements":[{"id":"2cfa91ca","settings":{"background_overlay_background":"classic","background_overlay_color":"#E9E9E9","border_border":"none","border_radius":{"unit":"px","top":"25","right":"25","bottom":"25","left":"25","isLinked":true},"_flex_align_self":"center","_flex_size":"shrink","custom_css":"selector {\r\n    height: 500px; \/* Adjust the height as needed *\/\r\n    width: 100%; \/* Adjust the width as needed, usually 100% for responsive design *\/\r\n}\r\n"},"elements":[{"id":"5dcded1c","settings":{"content_width":"full","image":{"url":"","id":"","size":""},"image_border_radius":{"unit":"px","top":"25","right":"25","bottom":"25","left":"25","isLinked":true},"__dynamic__":{"image":"[elementor-tag id=\"919855f\" name=\"post-featured-image\" settings=\"%7B%7D\"]","link":"[elementor-tag id=\"bde4674\" name=\"post-url\" settings=\"%7B%7D\"]"},"link_to":"custom","custom_css":"selector {\r\n    height: 300px; \/* Adjust the height as needed *\/\r\n    width: 100%; \/* Adjust the width as needed, usually 100% for responsive design *\/\r\n}\r\n"},"elements":[],"isInner":false,"widgetType":"image","elType":"widget"},{"id":"2c0a1859","settings":{"container_type":"grid","presetTitle":"Grid","presetIcon":"eicon-container-grid","content_width":"full","grid_columns_grid":{"unit":"fr","size":2,"sizes":[]},"grid_rows_grid":{"unit":"fr","size":1,"sizes":[]}},"elements":[{"id":"2d5b7d6a","settings":{"content_width":"full","editor":"","__dynamic__":{"editor":"[elementor-tag id=\"8e058c7\" name=\"acf-text\" settings=\"%7B%22key%22%3A%22field_webvortex_rating%3Arating%22%2C%22before%22%3A%22Rating%3A%20%22%2C%22after%22%3A%22%20%E2%AD%90%22%2C%22fallback%22%3A%22No%20Rating%22%7D\"]"},"align":"center"},"elements":[],"isInner":false,"widgetType":"text-editor","elType":"widget"},{"id":"27194960","settings":{"content_width":"full","editor":"","__dynamic__":{"editor":"[elementor-tag id=\"8e058c7\" name=\"acf-text\" settings=\"%7B%22key%22%3A%22field_6683f90a18d55%3Acheapest_price%22%2C%22before%22%3A%22%CE%91%CF%80%CF%8C%3A%20%22%2C%22after%22%3A%22%20%20%E2%82%AC%22%7D\"]"},"align":"center"},"elements":[],"isInner":false,"widgetType":"text-editor","elType":"widget"}],"isInner":true,"elType":"container"},{"id":"566d75af","settings":{"content_width":"full","editor":"","__dynamic__":{"editor":"[elementor-tag id=\"8e058c7\" name=\"acf-text\" settings=\"%7B%22key%22%3A%22field_webvortex_duration%3Aduration%22%7D\"]"}},"elements":[],"isInner":false,"widgetType":"text-editor","elType":"widget"},{"id":"551dac2c","settings":{"content_width":"full","title":"Add Your Heading Text Here","__dynamic__":{"title":"[elementor-tag id=\"9c80f79\" name=\"acf-text\" settings=\"%7B%22key%22%3A%22field_webvortex_title%3Atitle%22%7D\"]","link":"[elementor-tag id=\"5bce5be\" name=\"post-url\" settings=\"%7B%7D\"]"},"title_color":"#000000","typography_typography":"custom","typography_font_family":"Roboto","typography_font_size":{"unit":"px","size":17,"sizes":[]},"typography_font_weight":"600"},"elements":[],"isInner":false,"widgetType":"heading","elType":"widget"},{"id":"242f7629","settings":{"content_width":"full","editor":"","__dynamic__":{"editor":"[elementor-tag id=\"8e058c7\" name=\"acf-text\" settings=\"%7B%22key%22%3A%22field_webvortex_active_months%3Aactive_months%22%7D\"]"},"align":"right"},"elements":[],"isInner":false,"widgetType":"text-editor","elType":"widget"},{"id":"682bd754","settings":{"content_width":"full","text":"Book Now","align":"right","background_color":"#000000","border_radius":{"unit":"px","top":"25","right":"25","bottom":"25","left":"25","isLinked":true},"__dynamic__":{"link":"[elementor-tag id=\"ee26a96\" name=\"post-url\" settings=\"%7B%7D\"]"}},"elements":[],"isInner":false,"widgetType":"button","elType":"widget"}],"isInner":true,"elType":"container"}],"isInner":false,"elType":"container"}],"page_settings":[],"version":"0.4","title":"Unlimited-Andrenaline-Loop","type":"loop-item"}