{"content":[{"id":"714db4b8","settings":{"background_image":{"url":"","id":"","size":""},"background_video_fallback":{"url":"","id":"","size":""},"background_slideshow_gallery":[],"background_hover_image":{"url":"","id":"","size":""},"background_hover_video_fallback":{"url":"","id":"","size":""},"background_hover_slideshow_gallery":[],"background_overlay_image":{"url":"","id":"","size":""},"background_overlay_video_fallback":{"url":"","id":"","size":""},"background_overlay_slideshow_gallery":[],"background_overlay_hover_image":{"url":"","id":"","size":""},"background_overlay_hover_video_fallback":{"url":"","id":"","size":""},"background_overlay_hover_slideshow_gallery":[]},"elements":[{"id":"6572b3b6","settings":{"content_width":"full","selected_element":"50c6ac2","taxonomy":"activity_category","first_item_title":"All","taxonomy_filter_normal_background_video_fallback":{"url":"","id":"","size":""},"taxonomy_filter_normal_background_slideshow_gallery":[],"taxonomy_filter_hover_background_video_fallback":{"url":"","id":"","size":""},"taxonomy_filter_hover_background_slideshow_gallery":[],"taxonomy_filter_active_background_video_fallback":{"url":"","id":"","size":""},"taxonomy_filter_active_background_slideshow_gallery":[],"_background_image":{"url":"","id":"","size":""},"_background_video_fallback":{"url":"","id":"","size":""},"_background_slideshow_gallery":[],"_background_hover_image":{"url":"","id":"","size":""},"_background_hover_video_fallback":{"url":"","id":"","size":""},"_background_hover_slideshow_gallery":[],"_mask_image":{"url":"","id":"","size":""}},"elements":[],"isInner":false,"widgetType":"taxonomy-filter","elType":"widget"},{"id":"2bf89506","settings":{"content_width":"full","template_id":76,"alternate_templates":[{"template_id":"","_id":"c32cb48","repeat_template":"","show_once":"yes","column_span":"1","static_position":""}],"pagination_page_limit":"5","pagination_prev_label":"Previous","pagination_next_label":"Next","text":"Load More","load_more_no_posts_custom_message":"No more posts to show","nothing_found_message_text":"It seems we can\u2019t find what you\u2019re looking for.","post_query_post_type":"activity","load_more_spinner":{"value":"fas fa-spinner","library":"fa-solid"},"selected_icon":{"value":"","library":""},"background_video_fallback":{"url":"","id":"","size":""},"background_slideshow_gallery":[],"button_background_hover_video_fallback":{"url":"","id":"","size":""},"button_background_hover_slideshow_gallery":[],"_background_image":{"url":"","id":"","size":""},"_background_video_fallback":{"url":"","id":"","size":""},"_background_slideshow_gallery":[],"_background_hover_image":{"url":"","id":"","size":""},"_background_hover_video_fallback":{"url":"","id":"","size":""},"_background_hover_slideshow_gallery":[],"_mask_image":{"url":"","id":"","size":""}},"elements":[],"isInner":false,"widgetType":"loop-grid","elType":"widget"}],"isInner":false,"elType":"container"}],"page_settings":[],"version":"0.4","title":"Unlimited-Andrenaline-ActivityList","type":"archive"}